class,img_name
0,img_0.jpg
0,img_5.jpg
0,img_9.jpg
0,img_10.jpg
0,img_13.jpg
0,img_16.jpg
0,img_18.jpg
0,img_23.jpg
0,img_25.jpg
1,img_30.jpg
1,img_34.jpg
1,img_35.jpg
2,img_38.jpg
2,img_41.jpg
2,img_45.jpg
2,img_52.jpg
2,img_56.jpg
2,img_58.jpg
2,img_60.jpg
2,img_63.jpg
3,img_68.jpg
3,img_71.jpg
3,img_76.jpg
3,img_87.jpg
3,img_90.jpg
3,img_91.jpg
3,img_93.jpg
4,img_97.jpg
4,img_98.jpg
5,img_100.jpg
5,img_103.jpg
5,img_108.jpg
5,img_112.jpg
5,img_124.jpg
5,img_128.jpg
6,img_135.jpg
6,img_142.jpg
6,img_147.jpg
6,img_149.jpg
6,img_154.jpg
7,img_161.jpg
7,img_166.jpg
7,img_173.jpg
7,img_179.jpg
7,img_188.jpg
8,img_192.jpg
8,img_194.jpg
8,img_195.jpg
8,img_207.jpg
8,img_215.jpg